workload,engine,runs,operations_per_sec,best_operations_per_sec,worst_operations_per_sec,points_per_sec,logical_mib_per_sec,p50_us,p99_us,sync_p50_ms,sync_p99_ms,file_bytes,bytes_per_point
append-8-series,chronotail,5,14371274.696137361,18223137.655467965,11656596.57174366,14371274.696137361,219.28824914760378,0.042,0.084,0.749334,0.749334,16021125,16.021125
append-8-series,nanots,5,6649553.331881382,7130499.732160604,5161035.054457151,6649553.331881382,101.46413165102206,0.042,0.125,0.0,0.0,106012672,106.012672
append-8-series,sqlite,5,716347.2593628378,1164014.266158846,663043.3007886817,716347.2593628378,10.93059172611752,0.958,4.791,56.289541,56.289541,36433920,36.43392
append-A-none,chronotail,5,13446499.069502264,14032029.386796443,12816980.608545342,13446499.069502264,205.17729293063758,0.042,0.084,0.307083,0.307083,160198060,16.019806
append-A-none,nanots,5,2827840.5375698623,3606768.19111264,2528213.492921342,2827840.5375698623,43.149422265165136,0.042,0.125,0.0,0.0,800169984,80.0169984
append-A-none,sqlite,5,755632.3536520299,811023.9731184483,558203.5283955047,755632.3536520299,11.530034693176725,1.0,5.584,1958.639166,1958.639166,374206464,37.4206464
append-B-10MiB,chronotail,5,14082778.926600028,15860517.332200462,12710528.050943797,14082778.926600028,214.88615305481,0.042,0.084,0.758958,0.980375,160200358,16.0200358
append-B-10MiB,nanots,5,2329285.0712845735,3489087.5592325344,2135302.1005468136,2329285.0712845735,35.54206956916158,0.042,0.125,0.0,0.0,840015872,84.0015872
append-B-10MiB,sqlite,5,769894.9171266799,856038.8483228862,729912.1515091347,769894.9171266799,11.747664140726927,1.0,3.833,102.796083,123.32975,374206464,37.4206464
append-C-1MiB,chronotail,5,13752866.82806802,20486942.16391999,7912758.413845512,13752866.82806802,209.85209393414337,0.042,0.084,0.408625,0.712417,160330554,16.0330554
append-C-1MiB,nanots,5,2176157.107094805,2465400.5428943154,1450284.720128301,2176157.107094805,33.205522264019855,0.042,0.125,0.0,0.0,812314624,81.2314624
append-C-1MiB,sqlite,5,763464.4421630293,1098592.8590969793,579434.0180143731,763464.4421630293,11.649542879684896,0.917,4.125,12.480459,29.030083,374206464,37.4206464
concurrent-1-readers,chronotail,5,1722958.9894978062,3562209.516312012,1091185.3613487266,172295898.9497806,2629.0267784085177,0.375,1.042,0.0,0.0,0,0
concurrent-1-readers,nanots,5,36012.13731886927,96272.30549348594,27505.718998526674,3601213.731886927,54.95016070384105,19.083,128.834,0.0,0.0,0,0
concurrent-1-readers,sqlite,5,48269.03157522421,79571.77167518802,37084.41451112736,4826903.15752242,73.65269710574982,17.583,48.292,0.0,0.0,0,0
concurrent-1-writer,chronotail,5,7305019.283191995,11655241.80031181,6424359.5062206155,7305019.283191995,111.4657483397216,0.0,0.0,0.0,0.0,1192007220,16.316703824586202
concurrent-1-writer,nanots,5,1989468.2656495755,2634951.742487989,1732828.3307663286,1989468.2656495755,30.356876612084587,0.0,0.0,0.0,0.0,4139597376,207.3182017393285
concurrent-1-writer,sqlite,5,737318.3398146782,1215311.5974572306,582600.2980931543,737318.3398146782,11.25058501914487,0.0,0.0,0.0,0.0,291630256,39.54171299274222
concurrent-32-readers,chronotail,5,8342458.585435315,9558913.93742756,8039095.646499831,834245858.5435315,12729.581581779961,0.25,0.917,0.0,0.0,0,0
concurrent-32-readers,nanots,5,43943.4905746754,51863.08451256342,31609.427060521582,4394349.05746754,67.05244533489288,246.625,6232.083,0.0,0.0,0,0
concurrent-32-readers,sqlite,5,223624.3422407737,236913.70241388577,202536.709130869,22362434.22407737,341.22366674922745,22.0,2357.125,0.0,0.0,0,0
concurrent-32-writer,chronotail,5,1330464.6772771764,1716730.0525497703,1047893.4802462879,1330464.6772771764,20.30127986567957,0.0,0.0,0.0,0.0,233178218,17.221441752485266
concurrent-32-writer,nanots,5,2474912.400381737,2541170.8472999814,1683771.1634296987,2474912.400381737,37.76416626559047,0.0,0.0,0.0,0.0,4139613760,165.64833826209798
concurrent-32-writer,sqlite,5,145687.80882276737,175583.87301740522,138051.33813915888,145687.80882276737,2.223019543804434,0.0,0.0,0.0,0.0,108273144,70.78896908834145
concurrent-8-readers,chronotail,5,6619020.712356712,8026128.608623089,5212578.237729631,661902071.2356712,10099.824085016955,0.292,1.0,0.0,0.0,0,0
concurrent-8-readers,nanots,5,42609.82250010006,57311.415550312595,31029.94502744807,4260982.250010006,65.01742935195932,83.458,1410.958,0.0,0.0,0,0
concurrent-8-readers,sqlite,5,154081.4698114795,198451.44347390262,126750.4595822483,15408146.981147949,235.1096646293327,21.541,319.375,0.0,0.0,0,0
concurrent-8-writer,chronotail,5,3920606.063149447,4692311.985106497,2831173.125880667,3920606.063149447,59.82370091475597,0.0,0.0,0.0,0.0,646315812,16.471704747621455
concurrent-8-writer,nanots,5,2412077.3294935236,2578006.172759119,2008923.5101111266,2412077.3294935236,36.805379173179986,0.0,0.0,0.0,0.0,4139613760,170.17738619075698
concurrent-8-writer,sqlite,5,294437.55557155435,641827.9199228626,263242.2680115396,294437.55557155435,4.492760552544469,0.0,0.0,0.0,0.0,144587280,49.027262369791664
point-lookup-warm,chronotail,5,1881558.985265455,3202865.46280349,1563949.9282037509,1881558.985265455,28.710311664817123,0.125,0.333,0.0,0.0,16022401,160.22401
point-lookup-warm,nanots,5,880409.8920812923,1367593.8383059616,615537.8710567697,880409.8920812923,13.433988831806829,1.042,3.0,0.0,0.0,85073920,850.7392
point-lookup-warm,sqlite,5,210094.71843055412,368129.6090701363,131252.80142698047,210094.71843055412,3.2057909916771563,4.542,7.041,0.0,0.0,35966976,359.66976
range-100-compressed-warm,chronotail,5,166210.9254506818,309561.26429934293,120623.73922786133,16621092.545068178,253.6177451334866,5.625,8.916,0.0,0.0,7178293,0.7178293
range-100-raw-warm,chronotail,5,1228813.8363258308,2203957.9249445214,1001136.7006212524,122881383.63258308,1875.0211125577252,0.375,0.792,0.0,0.0,16022401,1.6022401
range-100-raw-warm,nanots,5,52699.57412910261,102354.97476390503,42475.56814770957,5269957.412910261,80.41316853195589,17.0,32.209,0.0,0.0,85073920,8.507392
range-100-raw-warm,sqlite,5,44737.793476810344,93910.42180306393,36358.04218305501,4473779.347681034,68.26445537843375,20.667,51.459,0.0,0.0,35966976,3.5966976
storage-random,nanots,5,3478397.6353207286,4760643.946161141,1826897.1419399236,3478397.6353207286,53.0761357928578,0.042,0.125,0.0,0.0,800169984,80.0169984
storage-random,sqlite,5,665976.5706445553,1521702.4152289543,563750.8208123865,665976.5706445553,10.161996012032398,0.917,5.5,2234.464583,2234.464583,374206464,37.4206464
storage-random-compressed,chronotail,5,11568941.24013733,22442119.686212126,10861648.716530401,11568941.24013733,176.52803405971267,0.042,0.083,0.34,0.34,107845511,10.7845511
storage-random-raw,chronotail,5,15499799.761961825,25683471.990779184,13383529.760656007,15499799.761961825,236.5081750787632,0.042,0.084,0.294166,0.294166,160198060,16.019806
storage-smooth,nanots,5,2975059.924199942,4924535.999150266,2754107.0561573114,2975059.924199942,45.395811831664155,0.042,0.125,0.0,0.0,800169984,80.0169984
storage-smooth,sqlite,5,735172.1205365951,1449219.9575897027,662812.9964330981,735172.1205365951,11.21783631189873,0.958,4.833,1914.06925,1914.06925,374206464,37.4206464
storage-smooth-compressed,chronotail,5,12516201.957464647,22304045.007849876,10841625.441232337,12516201.957464647,190.98208553260264,0.042,0.084,0.311542,0.311542,71759521,7.1759521
storage-smooth-raw,chronotail,5,15329385.377874142,26939812.44227792,10940910.562183065,15329385.377874142,233.90785793875338,0.042,0.083,0.293333,0.293333,160198060,16.019806
